AFP Crecer como puedo pedir cita para ir a poner de beneficiario a mi hijo,CITA
Y para agendar cita para la inpep dicen que hay que ir a Afp crecer a sacarla,CITA
Disculpe yo ya saqué la cita y que pasos tengo que seguir y que documentos tengo que ,CITA
"Necesito una cita para mi mamá ,,mi padre falleció y nos dejó un estado de cuenta q el tenia para reclamar como hago",CITA
"Bit/y/cita en crecer Metrocentro  martes 19 alas 2 ,p,m",CITA
Quiero una cita ,CITA
Hola meyamo Manuel de Jesús Calzadilla necesito una cita,CITA
Buenas tardes nesecito una cita en la agencia Metrocentro san Salvador,CITA
Buenos días quería hacer una cita para visitar la agencia de plaza mundo,CITA
Necesito me ayuden por q no me grava la información  de la fecha y hora para hacer la cita necesito visitar,CITA
"Hola! Mi nombre es Tomasa del Carmen Moreira, Necesito cita en INPEP SECCIÓN Historial Laboral. Gracias!",CITA
Como puedo hacer para tener cita para devolución que me dan cada año la agencia De Manuel Enrique Araujo gracias,CITA
AFP Crecer necesito una cita para poner de  beneficiario a mi hijo y a mi mamá ,CITA
"Buenos días, necesito una cita para reponer mi carnet (de carácter urgente), que debo hacer en ese caso?",CITA
"AFP Crecer no tengo el correo que agregue, no me recuerdo. Estoy tratando de agendar cita y no tienen disponibilidad en ninguna fecha. ",CITA
DENTREN AGENDAR CITA AFP CRECER,CITA
Hola quiero hacer una cita presencial lo mas pronto posible y no tengo correo,CITA
Y para sacarle una cita ya q con el trabajo q posee es bien difícil ,CITA
Como puedo hacer para obtener cita para la bonificación del año,CITA
Atienden en oficinas sin previa cita??,CITA
Gracias haré la cita,CITA
Atienden personalmente en oficinas ..sin que haya hecho cita???,CITA
Yo cumplo año en agosto 2021.sepodra solicitar,CITA
Hola niña albita.fijese quería saber si se puede ir sin cita.alaajencia,CITA
Como poder acceder a una cita por favor,CITA
AFP Crecer hola Vuenas tardes quiero saver si me pueden desir cuanto tiempo tengo cotisaso.ya que hoy ahi que Aser cita en linea para ese proceso y veo que esta malo eso que an echo .es complicado para nosotros que travajamos .,CITA
Como se ase la cita,CITA
Hola buenos días yo deste el año pasado estoy queriendo hacer cita y nunca contestan el número que apárese ,CITA
Como se hace la cita en linea,CITA
Buenos días quisiera saber como hago cita para sacar mi Carnet de afiliación?,CITA
Como hago cita  para sacar mi carnet de afiliada?,CITA
Necesito confirmar cita para este viernes. Donde puedo consultar.,CITA
Yo quiero hacer una cita para el 25% como puedo  hacer,CITA
Pero k días se puede ir a sacar la cita,CITA
Ola nesecito que me den una cita,CITA
Nesecito una cita para este día como puedo hacer ,CITA
Ya ise la cita con las afpPero tuve que ASER otro coreo porque el que tenía no me abría.mi pregunta es el nuevo coreo que tengo ya lorejistro el sistema delas afp,CITA
Buenas tardes..tengo el problema que cuando quiero ingresar el correo me dice que no es el que yo registre en sus datos..y el numero de atencion nunca contestan para pedir cita.,CITA
quiero concertar una cita para AFP crecer.  Pero ya.,CITA
"Solo necesito saber si hay que hacer cita, para obtener constancia de que no soy patrono y no tengo cuotas pendientes, no soy afiliado, pero me lo piden en mi lugar de trabajo",CITA
Buenos días podrá ayudarme para hacer cita o como se hace para firmar de sobrevivencia??,CITA
Cómo puedo hacer una cita en línea,CITA
Quiero una cita de Historial Laboral ...pero en INPEP..!,CITA
Buenas tardes yo ya envié mis datos y no me aparece nada y el 2 de febrero tengo cita,CITA
No puedo hacer una cita para un estado de cuenta me urge un estado para un trámite personal,CITA
Buenas tardes como obtengo una cita para firmar sobrevivencia por viudez ,CITA
Buenas noches decirme si dan cita por teléfono o en linea,CITA
Gracias bendiciones este mes debo. Ir a firmar me. Podría dar cita para soyapango por favor,CITA
No puedo hacer la cita para el anticipo del 25%,CITA
Como puedo sacar una cita  para el  A  F  P,CITA
Necesito agrandar una cita para poder actualizar mis apellidos en el carnet. Y llamé muchas veces y me dejan esperando tampoco me han contestado por wasap me urge porque me están pidiendo en mi trabajo actualizar mi currículum. Donde debo escribir,CITA
Muy buenos dias Dios les bendiga....ya intente por todos los medios comuninicarme para pedir un estado de cuenta y nada...quiero una cita presencial en AFR CRECER metrocentro san Salvador .me pueden ayudar por favor,CITA
Yo ya tego mi cita para el anticipo de saldo solo quiero saber que documentos presentare ese dia gracias,CITA
Que documentos necesito cuando valla a mi cita por favor,CITA
AFP Crecer gracias. Podria confirmarme q significa BET? Adonde puedo hacer cita para ir personalmere?,CITA
Buen diaPara trámite de devolución por vejezDónde debo agendar cita?En //bit.ly/CitaenAgenciaSolo da opción Anticipo de Saldo,CITA
Buenos días Yo tengo cita para mi anticipo 13 de enero y estaba comparando la con la cita de una compañera y la de ella dice cita para anticipo y la mía dice asesoría de beneficios pk la diferencia si vamos hacer el mismo trámite ???,CITA
Cómo puedo Aser una cita ,CITA
Necesito que me programenUna cita presencial para sucursal plaza mundo. Retiro voluntario.25%. De mis ahorros,CITA
Ya prove los medios posibles y no responden sólo quiero una cita presencial sucursal santa ana,CITA
Mi señora quiere solicitar anticipo de saldo cunple la edad y los años de cotizar necesita cita para vicitar una agencia,CITA
Yo tengo cita para este mes me van a llamar disen tengo la hora estaré pendiente a ver si me asen video llamada.e so me dijeron,CITA
AFP Crecer de ninguna manera puedo agendar la cita ,CITA
Necesito me programen una cita presencial en sucursal santa ana por favor,CITA
Cuantos años tengo en total trabajados ? ,CONSULTA
Hola cuantos años tengo trabajados,CONSULTA
soy Ana arbelica domingues y quesirea saber cuántos años tengo cotizados,CONSULTA
"Quiero mi historial laboral, tengo dudas si pagaron AFP en unos colegios donde trabajé",CONSULTA
"Hola buen día, quisiera actualizar mis datos porq no se a que correo me los mandan cuando solicito mi estado de cuenta y ademas quiero solicitar mi adelanto de saldo también.",CONSULTA
Si quero.mi.istorial por f,CONSULTA
Buenas tardes queria consultar por el calendario de pensiones.,CONSULTA
Quiero mi estado de cuentas por favor!!!,CONSULTA
Hola necesito saber mi estado de cuenta pero  no tengo correo,CONSULTA
No tengo correo.pueden mandarme mi estado de cuenta directo a mi facebook?,CONSULTA
AFP Crecer diganme si aplico al anticipo del 25%.,CONSULTA
AFP Crecer solo diganme q documentos les envió.para que me puedan decir si aplico.,CONSULTA
AFP Crecer quiero sabet si aplico o no,CONSULTA
Buenas quisiera actualizar mis datos ... hace mucho q no lo hago,CONSULTA
Quiero istorial de laboral mi cuenta,CONSULTA
yo le pregunto si me toca firmar hoy en enero o en julio y no me contesta como puedo hacer por favor gracias,CONSULTA
Para cuando está programado el pagó de la pensión.,CONSULTA
Necesito me ayude. Quiero modificar mi apellido ,CONSULTA
Hola buenas y hay aunmento de pension quisiera saber ???,CONSULTA
Ayuda señores por favor necesito informacion,CONSULTA
Retiro de saldo,CONSULTA
AFP Crecer cuál bancose debe abrir la cuenta.para el anticipo,CONSULTA
AFP Crecer pero quiero hablar personalmente para seguir el trámite,CONSULTA
Cuando llamaran para registrar la voz para verificar la  sobrebivencia????,CONSULTA
Necesito un estado de cuenta del ultimo año osea de un año,CONSULTA
una pregunta cómo se puede ir a dejar unas constancia de colegio,CONSULTA
qué requisitos se necesita para que no me vaya a bloquear mi cuenta sobrevivencia,CONSULTA
AFP Crecer todos los años hay que presentar la constancia de estudios??Ya la presente una vez el año pasado ,CONSULTA
Yo quiciara  saber mi estado de cuenta como ago,CONSULTA
"Yo necesito que me respondan cuánto tiempo debo esperar después de haber ingresado la solicitud de anticipo de pensión, la ingresé el 07 de enero y ese mismo día me dijeron que calificaba y que estaba aprobado, entonces cuando me responderán?",CONSULTA
Buenas tardes solo quisiera preguntar en pagina podría mandar una constancia de estudio de mi hijo q el día de hoy me la pidieron muchas grasias,CONSULTA
Buenos dias quisiera hacer una consulta mi mamá ya es pensionada ella recibe su pension mes a mes mi pregunta es al ser ella ya pensionada puede retirar el 25% de la pensión?,CONSULTA
Quisiera saber cuando van ha remesar ?,CONSULTA
Quisiera hacer una consulta,CONSULTA
Necesito que me ayuden a verificar si estoy inscrito con ustedes por favor.,CONSULTA
Necesito presentar una carta de Beneficiario! y Necesito llevar a mi abuela cómo beneficiario ha realizar su trámite! Pero no me da fechas el sistema! ? ,CONSULTA
info,CONSULTA
Que ruta de bus pasa por ahi,CONSULTA
En mi caso ya no cotizó y ya no lo necesito pues veo que es una mala oportunidad de afiliarse a ustedes pues creo que lo que tengo ya lo doy por perdido,CONSULTA
"Hola señores del AFP, quisiera hablar con una persona directamente, no hay alguien que me responda  que no sea la máquina? Siento que no me quieren ayudar y me quieren robar mi dinero ?? sólo quiero mi Devolución total de mis ahorros no Anticipo  de Saldo que es la única opción que da la máquina o lo que ustedes responden en sus chats en linea.Cuál es el proceso a seguir?",CONSULTA
Necesito reponer mi carnet. Donde están ubicados y como lo obtengo?,CONSULTA
Buenas tardes mi esposo necesita reponer el carnet y el estado de cuenta que le mandaron al correo le hace falta empresas donde cotizo,CONSULTA
Bueno días quiero el estado de cuenta ,CONSULTA
Necesito el estado de cuenta,CONSULTA
Cómo puedo saber las fechas de deposito a pencionados,CONSULTA
Hola necesito saber que tengo que hacer para empesar los tramites de pension,CONSULTA
"Yo necesito un estado de cuenta, pero no puedo actualizar datos, necesito cambiar el correo o número de teléfono pero no hay ningún opción. Por favor si me pueden ayudar",CONSULTA
se puede crear un usuario en linea aunque no haya registrado correo electronico con ustedes ? o como se puede hacer ,CONSULTA
Señores AFP Crecer quisiera hablar con alguien que me diga cómo puedo tramitar la devolución total de mis ahorros ya que uds nunca contestan.quien me puede dar información de ese proceso.,CONSULTA
Yo tengo 45año quisiera saber sillamepueden dar el adelanto,CONSULTA
PERDI MI TARGETA LLEVO DOA SEMANAS QUERIENDO QUE ME CONTESTEN Y NADA NECESITO MI NUMERO DEE NUP ....,CONSULTA
"Buenas tardes quisiera que me ayudarán con una información sobre un envío que realizaron a mi cuenta, pero no a llegado a mi cuenta",CONSULTA
Quisiera saber mi estado de cuenta se puede por medio de WhatsApp,CONSULTA
Y sera q puede ir y le darán el estado ,CONSULTA
Buenas tarde quisiera saber el correo electrónico porque estoy ingresando y no me aparece habil,CONSULTA
Necesito una constancia de jubilación que necesito,CONSULTA
Me gustaría me mandaran mi estado de cuentas,CONSULTA
Buenoa dias.. como puedo hacer para hacer el tramite desde casa,CONSULTA
Este día cumplo un año de que meti todos los documentos para mi pensión y nunca me depositan quisiera saber el motivo,CONSULTA
Buenos días una consulta mi mamá esta realizando un préstamo bancario por medio de orden de descuento en la pensión el banco ya envío el documento a la afp para que aprueben la orden descuento pero ya va una semana y la afp no se lo a enviado al banco quisiera saber porque no lo han hecho si lo más que se tardan son de 2 a 3 dias,CONSULTA
Yo tengo 40 años quisiera saber si puedo acceder a un anticipo de mis ahorros??,CONSULTA
Quisiera saber mi estado de cuenta como ago,CONSULTA
Trabajan los sábados kiero saber,CONSULTA
Si uno adquiere este beneficio le afectara para la juvilacion?,CONSULTA
Quisiera saber cuánto ahorro depension,CONSULTA
Quisiera cita para sacar mi tarjeta porque se me perdió ,CONSULTA
"Muy buenas, disculpen quisiera saber que se necesita para poder obtener el 25%, mi edad es 49 años y en cuanto tiempo dan la resolución",CONSULTA
Buenos dias quisiera habilitar cuenta en linea,CONSULTA
"Quisiera que me brindaran una solución ante la solicitud que hemos realizado desde hace ya casi medio año es 
impresionante la falta de resolución y seriedad que tienen como institución, les informo que me presentaré este día
a la Defensoría del Consumidor para presentar todas las pruebas que desde el mes de noviembre del año 2020 
estamos intentando que nos resuelvan por este medio y ha sido completamente una pérdida de tiempo. Me han 
dejado en repetidas ocasiones hasta una hora veinte minutos en espera el señor Néstor Blanco se comprometió con 
nosotros para poder resolver esto y tiene un es sin contestarme el teléfono ni correos",CONSULTA
"Cuanto normalmente se tardan para entregar el anticipo de saldo? Mi papá hizo su trámite y ya la aprobaron la solicitud pero tiene días de estar en ""proceso de pago"" y me gustaría saber cuanto se tardan para entregar el anticipo de saldo",CONSULTA
Yo estoy pensionado por invalidez y ya hice el trámite de cambio de estatus para vejes y todavía no me resuelto nada quisiera saber cuál es el problema ya que quiero hacer un préstamo en el banco para comprar la casa donde estoy viviendo actualmente y no puedo porque la resolución todavía me sale pensión por invalidez  gracias,CONSULTA
"Buenas tardes quisiera saber si yo opte,por el beneficio que dio el gobierno del incremento a nuestra pension,por telefono nunca contestan ,gracias",CONSULTA
Yo quisiera que me enviaran mi estado de cuenta Víctor Rafael Fuentes,CONSULTA
Quisiera un estado de cuenta,CONSULTA
Quisiera q m enviaran mi estado d cta xfavor,CONSULTA
Buenos dias disculpen una pregunta figese q yo nesesito saver si en mi caso q me faltan 5 años de trabajo y 5 años de wdad para salir del trabajo podria aplicar para sacar lo del haoro xq yo tengo una enfermedad cronica pero quisiera saver si puedo yenar papeles para retirar mi dinero grasias mi nombre es guillermo eliseo shunico,CONSULTA
Si es que yo estoy con duda.si es necesario visitarlo.para poder actualizar datos.porque les marco por teléfono.ino contesta.i por coreo no puedo porque se me perdió el tele fono quiero actualizar el coreo.,CONSULTA
Necesito que me envíen mi estado de cuentas,CONSULTA
Buenos días quisiera saber cómo está el trámite  no contestan wasap inbox llamada como puede hacer cuando uno llega ala agencia reniegan por citas y si no las dan entonces.solo quiero saber en el caso que no tenga la carta de unión no matrimonial que se puede presentar ? Si mi compañero de vida falleció y m dejo como beneficiaria y no tenemos hijos en común???,CONSULTA
"Quisiera saber mi estado de cuenta, yo estuve cotizando hace 20 años pero ya no seguí cotizando",CONSULTA
Quisiera saber cómo va mi trámite del 25 por ciento lo solicite el 7 de enero,CONSULTA
"Gentiles Sres.AFPYo cotice desde el 92 hasta el 2008,tengo 49 años,pierdo esas cotizaciones o puedo solicitar mi devolución. De antemano muchas gracias.",CONSULTA
Quisiera saber Para el trámite de pensión?,CONSULTA
Necesito saber si van a trabajar en horario normal para el 31 de marzo,CONSULTA
Buenas. Quisiera hacer una cita.. Para que le pudieran dar informacion a mi papá. .y pueda visitar alguna  agencia que rmse tiene que hacer.?,CONSULTA
Soy Ismael Antonio Villalta lopez e dejado de cotizar la afp crecer hase muchos años y quisiera saber mi estado de cuenta con el que cuento gracias ,CONSULTA
Que trámite puedo hacer,CONSULTA
Buenas tardes quisiera saber si ya puedo tramitar lo de mi pensión,CONSULTA
ME PUEDEN EXPLICAR AMIGOS Q SABEN SI YO Q SOLO COTICE 8 AÑOS AL TENER LOS 60 MEDARAN PENSIÓN ONO POR ES MI TRABAJO Q TENGO AHI Y NECESITÓ ,CONSULTA
Quisiera un estado de cuenta porfa,CONSULTA
Quisiera respuesta de mi carta,CONSULTA
Para obtener un historial que  hay que aser muchas gracias,CONSULTA
Buenas quisiera saber que problemas hay con el deposito de pensión mi mamá ha recibido menos de la mitad de su pencion en la fecha que siempre le depositan que pasa con la pencion?,CONSULTA
Una consulta   quisiera enviar solicitud de aumento de pensión de mi papá y al momento de registrarlo  no me deja continuar,CONSULTA
"Francisco Henriquez jajajaja estamos igual, pero estas joven aun ya quisiera tener 45. Ánimos ",CONSULTA
Quisiera saber si ya me depositaron mi pencion y de cuanto es lo que me an depositado,CONSULTA
Quisiera saber por qué no aparece el abono de la pensión que toca hoy 25 por favor?,CONSULTA
Quisiera saber cuando van a depositar la pension,CONSULTA
Buen día quisiera saber porque no tuve el aumento de los$100 si tengo la pensión mínima ?,CONSULTA
Buen día quisiera saber porque no tuve el aumento de los$100 si tengo la pensión mínima ?,CONSULTA
Por q yo fui al  cajero hoy y solo tenia la pensión no me salio el aumento y en enero saque primero la pensión y después el aumento quisiera saber si lo mismo va hacer este mes de febrero y así sucesivamente siempre ,CONSULTA
Para todos debería de ser eso todos necesitamos,CONSULTA
AFP Crecer gracias espero puedan resolverme la duda,CONSULTA
Quisiera mi estado de cuenta tengo 59 cumplidos y quiero saber si puedo retirar mis aoros,CONSULTA
Necesito una cita para tramitar mi pensión he mandado mensajes al wassapp de ustedes y no me corresponde ,CONSULTA
Necesito hacer una cita,CONSULTA
necesito una cita ,CONSULTA
Buenas noches soy Juan Antonio Campos quisiera saber de mí estado de cuenta,CONSULTA
Hola buenas tardes quisiera saber si aplicó para el aumento de pensión soy pensionada por su pronta respuesta muchas gracias ????,CONSULTA
Buenas tardes y  las AFP están asiendo este beneficio de anticipo.osea confía también?,CONSULTA
Dos  preguntas  el aumento de pensión será mensual o solo era una vez?   Y la otra porq si ami tío le salió el aumento el mes pasado este mes no le salió? Gracias espero su respuesta,CONSULTA
mi nombre es Ana arbelica domingues soy mayor de edad i quisiera gestionarlos años que trabaje de 1990   a1999,CONSULTA
Yo quisiera mi n de afilasion tambiem,CONSULTA
Buen día quisiera saber porque no tuve el aumento de los$100 si tengo la pensión mínima ?,CONSULTA
Mi pregunta es : que si ya no trabajo no tengo drecho al anticipo que dan a los 47 años o si me lo darian todo ? Pues la verdad no es mucho lo que tengo ahorrado y quisiera saber si me lo darian todo o un anticipo o  hasta que cumpla los 55 años .hice esa consulta hace mas de un mes por wasap y aun no e tenido respuesta.,CONSULTA
Yo quisiera saber si aplicó para antisipo de pensiones,CONSULTA
"Que alguien me diga, si uno ya no quisiera tener el dinero en esa afp deberían de devolverlo independientemente lo ocupe o lo pase a otra afp el dinero es de uno si o si",CONSULTA
Buenos días quisiera saber mi estado de cuenta,CONSULTA
Necesito mi actualización de los datos  para ue tramite que estoy haciendo ,CONSULTA
Necesito saver porque no han depositado la pensión de sobrevivencia del mes de enero ,CONSULTA
Necesito  actualizar mis datos y no responden que hago,CONSULTA
"Quisiera confirmar si mi caso de anticipo esta' en proceso? O nesecito iniciar nuevamente, no he tenido noticias",CONSULTA
"Hola yo necesito mi carnet, hace bastante que me afilie y no lo tengo",CONSULTA
Buenos yo quisiera consultar mi estado de cuenta para ver si mi empresa lo está depositando ya q a mí m lo están descontaron,CONSULTA
Fijese qué mí hermano tiene 23 años y medio de ahorrar y el yano trabaja lodespidieron por qué el tiene una operación y alado de la operación lesalio una pelota qué lemolesta para trabajar y el estuvo trabajando cuando estuvo ésto de la cuarentena y después porque el noquiso ir a otro lugar lejos y el lesdijo que noporque el noconosia ledijeron que esraba despedido y ahora el sededica a vender bolsas para basura lespedimos señores del AFP crecer qué nopongan años para darles sus ahorros a las personas que necesitan sus ahorros,CONSULTA
Hola yo necesito un estado de cuenta de últimos 6 meses para un crédito me lo pueden enviar o tengo que ir a la cede ,CONSULTA
Yo necesito saber si aplico al beneficio del anticipo,CONSULTA
AFP Crecer yo los cumplo en mayo los 50 puedo solicitarlos ya,CONSULTA
Buenos días yo he solicitado  a afiliarme a AFP crecer  ya fui a firmar y todo  solo para que men la tarjeta saque las sitas y hice todo  pero lastimosamente no puede ir el día que me tocaba la sita Hable con una operadora con la que me hizo la cita y me dijo que no había problema de ir a ritarar la tarjeta podría ser cual  kier día pero estando ya en la agencia  el vigilante me dice que no puedo pasar a retirar la tarjeta solo x citas le explique mi caso y aún así me negó la entrada la verdad  es que no si me puede ayudar xk me urgue la tarjeta de Afiliación  trabajo  en productos alimenticios de Hielo Polar y ya hace días  que me la están  pidiendo y si no presentó esos documentos  me despedirán,CONSULTA
Que documentos se necesitan para sacar el adelanto,CONSULTA
Buenos días  kiero aser una  pregunta  tengo  59 años  ya no  cotiso  puedo  retirar  mis  ahorros  por favor  necesito  ese.dinero no se  si me  pueden ayudar  gracias ,CONSULTA
AFP Crecer quisiera me manden la tarjeta! O alguna dirección para poderla descargar en pdf?Saludos.,CONSULTA
Me puede mandar mi estamo de cuenta.yo Jose Gomez granado,CONSULTA
Buenos días quisiera saber porque no se ve reflejado el aumento a la pensión mínima tenia entendido que ya estaba aprobado,CONSULTA
Para retiro de anticipo como puedo hacer?,CONSULTA
Tengo 48 aplico  a las prestaciones,CONSULTA
He querido crear mi usuario y no me lo  permite porque el correo electrónico que uso no está registrado quisiera saber cómo puedo actualizar ese dato para poder crear mi usuario y así solicitar mi anticipo de saldo ,CONSULTA
Necesito estado de cueta,CONSULTA
"Les envié msj porque necesito un estado de cuenta , pero no he tenido respuestas",CONSULTA
Hola necesito saber porq no vino el aumento a la pensión si mi mamá recibe el mínimo $ 207,CONSULTA
Hola les envíe por inbox lo que necesito q me envíen por correo pero no obtengo respuesta podrían ayudarme por favor,CONSULTA
No tengo deposito y tengo necesidad para comprar comida. Mil disculpas por preguntar no me an depositado y muchas filas para volver al banco,CONSULTA
Buenas días. Quisiera saber por mi deposito depencion. Gracias,CONSULTA
Hola necesito un estado de cuenta  ,CONSULTA
Como puedo saber cual es mi saldo,CONSULTA
Hola buenos días como puedo actualizar mis datos,CONSULTA
"Buenos días , necesito una constancia y por teléfono no contestan y por messenger  no existe esa opción y me mandan un montón de información ",CONSULTA
Yo necesito mi constancia actual de AFP y ni la app ni el sitio web sirven para registrarse. AFP Crecer ,CONSULTA
Necesito saber como puedo hacer para que me regresen mi dinero  según la última ley de los que ya no residimos en El Salvador?,CONSULTA
Buenas tardes  tengo una consulta a mí ya me aparece el depósito de la pensión de enero y  mi pensión es pensión mínima pero no me aparece el aumento que dijeron en los medios de comunicación que vendría este mes,CONSULTA
Muy buenos días yo necesito un estado de cuenta,CONSULTA
Hola quisiera saber mi papá en este mes cumple 50 años y cuenta con 10 años acotizando es verdad q puede retirar un 25por ciento de sus ahorros le agradecería la informacion,CONSULTA
Yo quisiera saber mi estado de cuenta xf,CONSULTA
Me pueden enviar mi estado de cuenta lo he solicitado en varias ocaciones y nada gracias,CONSULTA
Quisiera mi estado de cuenta,CONSULTA
Quisiera mi estado de cuenta ,CONSULTA
Ya cumplí los 55 años necesito retirar mi dinero  Por que es  poco como semana el trámite,CONSULTA
Hola necesito información,CONSULTA
Como hago para meter documentos,CONSULTA
Buenos días quisiera saber mi estado de cuenta por favor,CONSULTA
Necesito hablar con el jefe de atención al cliente. Urgente,CONSULTA
Quisiera saber despues de solicitado el anticipo del 25 % en cuanto tiempo se lo depositan en la cuenta y por q medio le avisan a uno,CONSULTA
Ola necesito saber como cobrar un seguro de vida y aque afp estoy afiliada??,CONSULTA
"Buen día, quisiera mi estado de cuenta como lo obtengo",CONSULTA
Hola buenas tardes como puedo aser para solicitar un anticipo ,CONSULTA
Necesito el calendario,CONSULTA
Hola buenas tardes me puede ayudar.Necesito información so re un seguro de vida.,CONSULTA
Buenas tardes quisiera hacerles una pregunta tengo un hermano que el nunca a trabajado formalmente en alguna empresa y nunca a cotizado sino que se a dedicado a trabajo propio quisiera saber si el puede cotizar independientemente y si se puede a que numero tiene que llamar para hacer cita gracias,CONSULTA
Buenos días necesito saber mi estado de cuenta,CONSULTA
Hola quisiera el estado de cuenta  mio,CONSULTA
Hola buenos días mí nombre es Noelia Cristina de blanco yo envié el vídeo con la documentación que piden para la comprobación de sobrevivencia de pensión lo envíe por telegram y nomean contestado será que ya lo vieron quiero asegurarme siya lo vieron porque no quisiera perder mí mensualidad,CONSULTA
Hola buenos días una pregunta yo e cotizado 7 años pero yo quisiera saber mi estado de cuenta,CONSULTA
"Necesito   saber si tengo mis, datos, actualizados Sonia noemi Santos, de portillo",CONSULTA
Como se que cantidad solicitar siempre es el 25%?,CONSULTA
Quisiera saber si hago uso del anticipo de ahorro como afecta para pensión arme si me darían mensual la pensión?,CONSULTA
De que banco debo tener cuenta o como puedo hacer para que me aperturen cuenta por qué yo no tengo cuenta bancaria y quisiera me digan como hacer y si puedo en davivienda,CONSULTA
Quisiera saber si yo puedo obtar por un préstamo yo quiero poner un negocio,CONSULTA
"Buenas noches, 3 consultas:1- Es necesario pagar el anticipo.2- Pedir el anticipo, retrasaría mi jubilacion? Es decir, tendría que completar lo entregado o variaría en la cantidad de años?3- Al jubilarme, me quitarían del total que me quedó, el 25% entregado en su momento?",CONSULTA
"Necesito que me aclaren lo siguiente : si uno es pensionado, soltera no tiene hijos sus padre ya fallecieron solamente tiene hermanos, cual es el procedimiento a seguir para que lo que yo he ahorrado les quede a mis hermanos",CONSULTA
Buenos dias quisiera saber como puedo hacer para que me depositen la pension ya ise todo el proceso de comprobacion de sobrevivencia y aun no me han depositado,CONSULTA
Se que lo tengo que devolver pero ante estas emergencia lo necesito,CONSULTA
Cuanto tiempo lleva el anticipo de saldo,CONSULTA
Hola ya publicaron el calendario de pago de pensiones?,CONSULTA
"Mi esposo quiere actualizar sus datos ,como puede hacer?",CONSULTA
Y si una persona hizo ya adelantó del 25porciento en el año 2019 puede pedir Anticipo gracias por su ayuda,CONSULTA
Hola como hacer para solicitar me devuelvan mia ahorros desde hace 6 años no cotizo,CONSULTA
AFP Crecer ok muchas gracias y para solicitar un estado de cuenta como hago,CONSULTA
Necesitamos calendario,CONSULTA
Requisitos completos por favor,CONSULTA
Nesesito el antisipo de saldo ,CONSULTA
Buenas noches disculpe necesito saber sii puedo hacer un préstamo tengo 39  años de edad tengo como 15 años de cotización es tengo una deuda de un banco y no tengo trabajo por favor quiero información ,CONSULTA
Buenas tardes yo quisiera saver si me aprobaran lo de el anticipo solicitado desde el 11 de diciembre del 2020  lo estoy tramitando ya presente toda la documentación que me pidieron  pero no me han dicho nada,CONSULTA
Cuál sería la fecha de la sita,CONSULTA
Nesesito el antisipo de saldo,CONSULTA
Buenos dias cuanto tiempo se tardan en entregar el anticipo de saldo al ser aceptada la solicitud?,CONSULTA
"Buenos días, mi mamá intenta ingresar y no pude dice que tiene que actualizar los datos he información personal y ya intentamos por todos los medios y no logramos la actualización. Podrían ayudarnos por favor",CONSULTA
Una pregunta oy de pocitan pero ami me dejaron para cada 28 o es fecha normal para todos los pencionados,CONSULTA
"A mi me pudieron todos los documentos desde el 5 de octubre y me dijeron que ya estaba aprobado el cheque pero hasta esta fecha no me han dado respuesta, sera que tengo que volver hacer el tramite??? Espero su respuesta gracias de ante mano",CONSULTA
Igual yo necesito ese calendario,CONSULTA
Buen día pregunta: Ya no habrá aumento de pensión ?,CONSULTA
Yo soy pensionado de Afp Crecer y necesito me acepten un descuento de mi pension hasta un 35% ya que tengo necesidad de cancelar una deuda.,CONSULTA
Buenos dias necesito un historial pero llamo no me responden y.no.te.go.correo registrado q puedo hacer ,CONSULTA
Yo necesito saber si aplicó al anticipo deje de laborar con en el 2005 y tengo 46 años pero al consultar en línea me dice que no aplicó no entiendo,CONSULTA
Buenas tardes necesito saber si ya recibieron el video de sobrevivencia que envíe el 14 de diciembre y lo volvi a llamar hoy,CONSULTA
No sirve ese link,NEGATIVO
No me reconoce el DUI,NEGATIVO
AFP Crecer pero igual ayer llame en dos ocasiones 10 minutos espere en cada llamada me acabe el saldo y no me contestaron,NEGATIVO
"AFP Crecer como es que le pueden negar su dinero a uno, solicite mi adelanto y me lo negaron y según yo cumplo con los  requisitos, bueno según los que leí. ",NEGATIVO
Necesito programar una cita nunca contestan tel. De atencion,NEGATIVO
No puedo ingresar ??,NEGATIVO
Hace varios días estoy pidiendo el estado de cuenta y por gusto la misma computadora te contestas??o ya lo tienen programada para aburrir al cliente ...desgracia de servicio y atención al cliente deberían de poner personal al día capacitado para resolver consultas y dudas..saludos,NEGATIVO
Cuando le sale el día no sale la hora cómo se hace allí por eso no le aceptan a uno,NEGATIVO
Si lo pongo pero la hora no da,NEGATIVO
"Estoy tramitando mi pension ,ya asisti a la cita de afp crecer y al inpep teniendo ambos historiales laborales  , estoy solicitando cita para presentar la documentacio y seguir mi proceso pero no corresponden ,me dejan en visto nada mas .",NEGATIVO
Necesito visitarles para retirar mis ahorros de 17 años Y cancelar descuentos xq se van hacer los locos de aquí a 5 años más...,NEGATIVO
"Buenas tardes, yo hice  mi trámite de sobrevivencia a través de reconocimiento de voz, el asesor me dijo que se había hecho  bien y me dijo que me enviarían por correo la confirmación, pero ya pasó una semana y no he recibido el correo",NEGATIVO
"buenos días ¡ .... alguien  que me pueda ayudar por favor y me diga porque no responden las llamadas en la oficina, tengo 2 horas. de estar llamando y no me responden, les escribo en servicio en línea y nada¡ a que se debe el mal servicio?",NEGATIVO
AFP Crecer por gusto con ustedes ,NEGATIVO
"Quiero actualizar mis datos, y no me contestan por ningún medio",NEGATIVO
Estoy pidiendo una cita en la agencia y aun estoy esperando me contesten el wassap,NEGATIVO
No contestan por ningún medio. Ni teléfono ni correos. Nada. Nada. Como que limosna les va pedir uno. Solo quiero hacer una cita.,NEGATIVO
"Tengo  una  mala,malísima  experiencia  con udes. boy sobre los tres meses y no me resuelven mi devolución  y eso que  me dividieron  en tres años  son un fraude  mi arrepiento el  afiliarse a las AFP  .Trabajadores  no les crean.",NEGATIVO
Es verdad no contestan así como uno hará la cita o saber halgo que tenga dudas,NEGATIVO
"Horas y horas tratando de comunicarme y no contestan, que mal servicio.",NEGATIVO
"Ni responden, llevo más de 2 meses intercambiando correos electronicos y sólo dilatan el proceso, volviendo a solicitar documentación que ya se les ha enviado. Super mal servicio al cliente.",NEGATIVO
"AFP Crecer yo quiero actualizar datos pero no responde WathsApp,ni correo electrónico y citas hay hasta el 17 de marzo",NEGATIVO
"Buenas tardes, desde el 18 de marzo, mi esposo y yo solicitamos via whatzap una cita para obtener el historial laboral que otorga el INPEP, enviamos los documentos requeridos y hasta la fecha no hemos obtenido respuesta. Además hable al callcenter y dijeron que solo se podía por canales electrónicos pero imposible.?? Lamentablemente que mal servicio.",NEGATIVO
"Muy molesta con el mal servicio que le han dado a mi papá, nunca hay una resolución..",NEGATIVO
E intentado por todos los medios posibles meter mis datos y registrarme y cada vez sale aviso q no se puede q hay q esperar 24 horas más para seguir . Es increíble la mala efectividad de esta empresa,NEGATIVO
Mal servicios da marca y marca y nada,NEGATIVO
Nunca contestan mal caen,NEGATIVO
"Señores AFP Crecer estoy desde el pasado 10 de abril solicitando el decreto 739 por medio de su correo electrónico de trámites y beneficios y aun no recibo ningún tipo de respuesta, he llamado a su call center y enviado varias veces dicho correo y nada, que mal servicio",NEGATIVO
Tengo dos semanas de estar solicitando un estado de cuenta y envié mi Dui 4 veces ya y el correo electrónico y no envían nada! Que mal servicio de verdad! No recomiendo a nadie que se afilie  con crecer ,NEGATIVO
Lamentablemente tien un mal servicio de atención al cliente yo hice mi trámite de anticipo el 12 de enero Luego el 17 de marzo envié la información a ontanvia de sueldo porque hasta que pregunte como 10 veses que me respondieran si estaba bien el primer documento del banco me dijeron que no servía 2 meses mas tarde hoy nadie me confirma si lo recibieron y para cuando me resuelven pero nadie me contesta como es automático la respuesta siempre me manda a ingresar la solicitud cuando yo ya lo ingrese en enero y así nunca me dan sertesa de cuando me resolverán,NEGATIVO
Es mala atención x linea te envían un montón  mensajes automáticos y nadie se hace cargo de ayudarte  yo estoy luchando para que me brinden un documento nadie me escribe como esta dicho tramite es una odisea,NEGATIVO
Marlis Mejía de Valladares sí niña empiece ya porque yo él otro mes cumplo un año de haber comenzado el tramite y aún no tengo nada me a costado obtener cita así que le recomiendo que empiece ya bendiciones y ojalá tenga respuesta ,NEGATIVO
Mi hermano iso la cita via ..video llamada y lo unico que se pudo escuchar fue su nombre y le bolbimos a ser la video llamada una y otra ves y nunca se conectaron y el telefono es de buena calidad y tiene internet ilimitado y la señal estaba buena ..no pueden decir que por que no servia la señal ....y hoy lo mandan con una cita presencial asta en junio que barbaros h emos llegado asta las oficinas centrales y no nos atendieron como se deve ni les importo  lo que nosotros queriamos explicarles ....tienen mala atencion al publico,NEGATIVO
Llevo 3 días queriendo que me atiendan en atención al cliente y nunca contestan por ningun medio Mal servicio hey,NEGATIVO
Me disen k ya depositaron y ni hay nada ??k mal como son,NEGATIVO
"Deberían de quitar esa ley de edad xq nesecitados nuestro dinero ,más los que no tenemos un empleo,que para qué lo tenemos guardado si no estamos cotizando ??????",NEGATIVO
Señores de Afp hemos utilizado todos los medios de redes sociales para poder comunicarnos con usted desde enero mi madre a querido q le ayudenPero que barbaridad en una llamada sola la operadora ponen sean consientes con las personas por invierten en ponerle saldo para poder hablar con ustedes por favor necesitamos de su ayuda,NEGATIVO
Hasta lo que hemos llegado nos ponen edad y tiempo de cotización para poder gozar de nuestro dinero están mal señores el dinero es nuestro no de ustedes no sean inconscientes a mi ver que las AFP deberían de desaparecer se adueñan de nuestro dinero,NEGATIVO
"AFP Crecer Bueno yo he querido poder retirar mi 25% y no se si puedo hacerlo porque la vez que fui md. Dijeron me. Faltaban dias  que hacían 1 mes para poder aplicar deje que pasaran como 3 meses luego me. Acerque de. Nuevo y ya no eran dias sino que me. Faltaban meses. No entiendo quiero comunicarme al wsp y no contestan mande mi. Correo y e igual por gusto, y solo me atienden por cita y en mi trabajo actual no me dan permiso y asi como esta la situación no se puede faltar al trabajo. Deberían de ver de que forma nos ayudan con un tel o un wsp, pero respondan porque si no de nada sirve",NEGATIVO
Ya mande todos mis datos por todos los medios y no me dan respuesta del pago de pensión ni el aumento de pensión para mi hija,NEGATIVO
La peor atención y el peor sistema de consulta por su página web o medios digitales el que tienen ya tengo meses de estar tratando de pedir un estado de cuenta porq no me queda tiempo de ir ??????,NEGATIVO
Necesito aser cita pero responden,NEGATIVO
"Yo estoy solicitando mi anticipo y solo denegada me sale, pero no dicen porque y fui ala agencia y solo con el vigilante habla uno porque no lo dejan entrar y le dice que aga cita en linea",NEGATIVO
"Necesito una constancia, por favor tendrían la educación de contestar, ya que por teléfono no lo hacen",NEGATIVO
Estoy solicitando hace días mi estado de cuenta y no me lo envían ,NEGATIVO
"Talvez por éste medio me contestan he mandado varias veces mis datos y en diferentes formas mis datos como comprobación de sobrevivencia y nunca me confirmaron de recibido y ahora que voy a retirar el efectivo resulta que no hay depósito, trato de comunicarme y en ningún número de teléfono que tienen para información contestan y en el 22119393 lo tienen a uno cómo si fuéramos ""endjos"" esperando a que un ejecutivo conteste. Necesito, urge una respuesta por favor. Por seguridad no doy mis datos en éste medio pero si el número de Nup 219636770004.",NEGATIVO
Hola buenos días necesito ayuda de ustedes urgente y no contestan,NEGATIVO
Necesito me resuelvan ya envié en línea como me dijeron toda la documentación en noviembre 2020 y no me han resuelto,NEGATIVO
Necesito que me ayuden por favor ya envíe los datos en inbox y nada me contestan solo ignoran,NEGATIVO
"Hola, el 18 de Dic. 2020, les envíe el video de sobrevivencia, la semana pasada lo envíe nuevamente, les he enviado mensajes y hasta la fecha no me han respondido nada solamente mandan que hay que marcar la opción que necesitamos y en otro el horario de atención pero ninguna respuesta en concreto respondiendo si ya esta recibido, la vez anterior hace seis meses me respondieron en el momento hasta los felicite por su excelente servicio pero esta vez no se cual es el problema, entiendo que hay bastantes afiliados pero merecemos una respuesta rápida porque es en Enero que tenemos que presentarla y a la fecha no hemos recibido contestación o es que están alargando porque no hay dinero y después van a decir que no lo hicimos en el tiempo correspondiente, gracias por la atención.",NEGATIVO
Les hablo por whatsapp les hablo por linea fija y ni contestan,NEGATIVOWHATSAPP
Ni contesta en whatsapp cuando uno pide información para pedir cita,NEGATIVOWHATSAPP
"Algún número directo dónde se pueda llamar para que me brinden el usuario de SEPP, llevo más de 15 días tratando de comunicarme y nunca contestan ni las llamadas ni WhatsApp",NEGATIVOWHATSAPP
Como se puede hablar con un agente en WhatsApp no hay opciones,NEGATIVOWHATSAPP
"Necesito hacer unas consultas,  pero el 2211 9393  no responde, no responden por WhatsApp y ayer intenté pasar a la agencia Alameda Araujo y ni me quise bajar de carro, pues desborda de gente en el sol y bajo un canopi",NEGATIVOWHATSAPP
Necesito su ayuda en línea crecer y en WhatsApp no hay casilla para pedir carta de resolución de pensión que necesito para presenta a una Institución me pueden decir que debo hacer.Ya envié 2 mensajes a Messenger y no recibo respuestaGracias por ayudar en la mayor brevedad posible,NEGATIVOWHATSAPP
Mi esposo a enviado los datos en WhatsApp para que actualicen datos y aún no le contestan!!,NEGATIVOWHATSAPP
Mi esposo está queriendo sacar sita y no puede ya llamo y ya puso mensaje en el WhatsApp y nada,NEGATIVOWHATSAPP
"Buenos días, necesito hacer una cita. Estoy escribiendo a Whatsapp, y solo me aparecen el boot.Llamo al número PBX que aparece acá en la página y solo dice. Hasta luego.He ingresado al website y cuando doy click al día dice no hay ninguna disponibilidad.  Me fui hasta julio y en los 3 meses es así.Favor verificar eso, ya que ayer llegué al lugar y el vigilante de entrada no me dejo entrar y solo me dio un papel diciendo que todo debe ser en línea. Intento hacer en línea el proceso y tampoco se puede.Me gustaría puedan ayudarme a solventar. Gracias!",NEGATIVOWHATSAPP
Tengo semanas de estar preguntando como actualizar mis datos y no puede ono quieren contestas hoy quiero crear una cuanta en la app y silo dice lo sentimos a ocurrido un error intente nuevamente y no pasa de eso  les pregunto por WhatsApp y solo no dan respuestas de nada,NEGATIVOWHATSAPP
"Necesito actualizar mis datos y por ningún medio contestan ni correo ni WhatsApp ni mensajes a traves de FB, necesito mi estado de cuenta y por ningún lado resuelven no contestan",NEGATIVOWHATSAPP
"Buenos días yo inicie un tramite desde el 23dd diciembre quedaron en informar como iba el proceso y a la fecha nada, nunca contestan mis llamadas y envío mensaje por WhatsApp y tampoco, en ese caso que puedo hacer????",NEGATIVOWHATSAPP
"Serían tan amables de contestarme a mi, no me han contestado ni inbox, ni llamadas telefónicas, ni WhatsApp, por favor sean un poco más responsables en contestarles a sus afiliados ",NEGATIVOWHATSAPP
"Buenas tardes me quiero comunicar con ustedes y no he podido, serán tan amables de contestarme mis mensajes por medio de WhatsApp, messenger, o atención al cliente por favor! Me encuentro fuera delPaís y necesito información! ",NEGATIVOWHATSAPP
"Temgo una semana de estar solicitando el estado de CUENTA ya les mande msjs via imbox, whatsapp y nada solo lo dejan en visto ",NEGATIVOWHATSAPP
Como puedo hacer para que me den cita si nunca contestan el número de teléfono y si es por WhatsApp menos,NEGATIVOWHATSAPP
Necesito saber porque motivo no me an Depositado mi pensión  ya Ise mi confirmación de sobrevivencia y no me depositaron mi pensión de el mes de febrero y no me contestan el teléfono ni por Whatsapp y necesito mi pensión ,NEGATIVOWHATSAPP
"Necesito emitir un estado de cuenta pero antes debo registrar el correo pero ustedes no responden ni por Whatsapp, teléfono o messenger",NEGATIVOWHATSAPP
Buenas tardes he estado tratando de contactarlos por WhatsApp Messenger y a los teléfonos de atención y en ningún lado responden! Para que tienen tantos medios de contacto si no brindan el servicio. Necesito asociar mi correo a mi cuenta para poder recibir mi carnet y los estados de cuenta. Cuánto tiempo tengo que esperar para que me atiendan ,NEGATIVOWHATSAPP
"Algún otro medio para enviar la confirmación de sobrevivencia? Ya se hizo por teléfono y se enviaronnpor WhatsApp los datos y aún así mi abuela no recibió su pensión del mes de enero, fuimos a la agencia metro centro y no nos recibieron",NEGATIVOWHATSAPP
"No responden, he mandado mensajes al número de Whatsap para que comprueben la sobrevivencia de mi mamá y no he recibo respuesta alguna, solo espero que el dinero no lo tomen los dueños de AFP crecer",NEGATIVOWHATSAPP
Hemos enviado 6 correos con fotografías y el video de comprobación de sobrevivencia hemos enviado también al número de whatsapp y no contestan los mensajes este día fue mi suegra a hacer filas a la sucursal de metro centro y no la dejaron ingresar el resultado de la mala atención al usuario tiene como resultado que a mi suegra no le pagaron su pensión de enero 2021 la tienen por muerta y ella necesitando urgente sus fondos que por ley le corresponden ya que tienen tan poco interés de contestar y atender deberían depositar los fondos y buscar la forma de actualizar su base de datos no retener la pensión mensual,NEGATIVOWHATSAPP
Buenas porque no le han depositado la pensión de sobre vivencia a mi madre ya envíe por whatsapp y correo los datos y no me responden nada,NEGATIVOWHATSAPP
Repetidas ocaciones he enviado mensaje a su WhatsApp para registrar mi correo electronico desde  octubre de 2020 y no he recibido nunca respuesta solo un mensaje automatico. Necesito hacer esa actualizacion para poder recibir  informacion hacerca de mi estado de cuenta. Por favor respondan mi peticion .Gracias.,NEGATIVOWHATSAPP
"Buenos días, desde noviembre 2020 envié los documentos que me pidieron para actualizar mi nombre y aún no recibo respuesta ni veo actualizada la información, lo he hecho por correo y whatsapp. Cuánto tiempo más debo esperar? Graciasa.",NEGATIVOWHATSAPP
Buenos días mi esposo quiere sacar SITA y no le contestan en el WhatsApp,NEGATIVOWHATSAPP
AFP Crecer ya lo hice a whatsapp y no me dan respuesta desde el vienes les escribi,NEGATIVOWHATSAPP
"Exacto he tratado por llamadas, inbox, WhatsApp y correo electrónico y no tengo respuesta. Para sacar cita hay hasta marzo y tenemos este mes para la comprobación de sobrevivencia. Podrían ser tan gentiles en contestar por algún medio. ",NEGATIVOWHATSAPP
No aparece la pension escribo a whatsap no  contestan escribo a messenger tampoco mando el correo y nada ,NEGATIVOWHATSAPP
"Ana AcevedoDebería de escribirles por WhatsApp, por correo electrónico y actualizar su número de teléfono si lo ha cambiado porque por ese medio tendrán que llamar y hacer un reconocimiento de la voz ??Y la primera semana se hace ese movimiento porque si no no le saldría pensión, si no hasta el próximo mes.En noviembre le pasó a una amiga y se le olvidó y se lo cargaron hasta en diciembre.",NEGATIVOWHATSAPP
Informándoles que ya les puse por WhatsApp la constancia de comprobación qué mi hija estudia.Y no me dan respuesta.,NEGATIVOWHATSAPP
"Mi suegra no ha hecho su declaración de supervivencia, ella recibe una pensión por sobrevivencia y no tiene WhatsApp",NEGATIVOWHATSAPP
"Buenas tardes, al tratar de aplicar en linea al anticipo se quedo congelada la aplicación y me bloqueo mi usuario, he estado queriendo recibir ayuda, para desbloquear mi usuario, pero ni por WhatsApp ni por Facebook ni por llamada, en el teléfono solo la contestadora con mensaje grabado contesta y solo dice su llamada es importante para nosotros algún día uno de nuestros operadores le atenderá...",NEGATIVOWHATSAPP
Hola  me gustaría asociar un correo electrónico ami cuenta. Pero no se como  hacer porque llamo y no contestan y al WhatsApp no me dicen como,NEGATIVOWHATSAPP
Buenas tardes el dia de hoy están trabajando? Esque escribo al correo a WhatsApp y me dice que me ponga en contacto en los horarios y aca no me contestan?,NEGATIVOWHATSAPP
"Jesus,Morales,Gomez,yamande,elvideo,fotosdel,DUI,ynomean,respondido,quemascepuedehacer,nececito,eldinero",NEUTRO
AFP Crecer ahorita envío el inbox,NEUTRO
Ok,NEUTRO
Esa es la pregunta,NEUTRO
Gracias,NEUTRO
Carla Lizama de Rodríguez ,NEUTRO
AFP Crecer ok,NEUTRO
amigo Carlos Pacas,NEUTRO
 Salvador del mundo estaría vien,NEUTRO
San salvador,NEUTRO
Buenas tardes nesesito saber si ya aparese mi nombre completo   ya k use solisitud de cambio de información,NEUTRO
Buenos días,NEUTRO
Hola,NEUTRO
En 15 días se lo dan,NEUTRO
Estado de cuenta de Roberto Antonio Velasquez Arias,NEUTRO
Wendy Garcia mira,NEUTRO
Yo lo que quiero es que me den lo que tengo disque ahorrado ya q estamos viviendo una situación muy mala y es hoy q nesecito mi dinero no tengo ni donde vivir con mis niñas,NEUTRO
Quiero ingresar,NEUTRO
Digo 20 años,NEUTRO
Deberian de dar este beneficio aunq no tengan los dies años cotizados con ellos,NEUTRO
Iré aprobar.aber que tal,NEUTRO
Si puede amigo,NEUTRO
Sipero el gobierno y ustedes tienen qué ver qué el dinero que tienen es delas personas que están ahorrando y qué tarde o temprano eyos necesitan aser uso de ese dinero más cuándo están enfermos o si notienen para comprar algo qué es urjente ni ustedes ni el gobierno tienen derecho sobre ese dinero si uno lo único que quiere es que entreguen el dinero que uno tiene ahorrado,NEUTRO
Aparece que existe datos de mí papa para solicitar su historial,NEUTRO
Ok ya respondo!,NEUTRO
Ya envié mi vídeo,NEUTRO
AFP Crecer ya les respondí ,NEUTRO
Por eso estoy solicitando el anticipo,NEUTRO
AFP Crecer no tengo señal para descargar lo ,NEUTRO
Hola ,NEUTRO
Yo nese sito ablar por teléfono con algún asesor.porque ustedes piden coreo actualizado.iyo no tengo coreo por qué seme perdió la contraseña.,PASSWORD
Quiero solicitar lo del anticipo ya consulté al correo por q no me deja entrar.dice q ya estoy registrada pero luego dice q correo y contraseña invalida,PASSWORD
He intentado en varias ocasiones crear mi cuenta para ingresar a la app y siempre dice que la contraseña no cumple con los standards. No sé que esperan para que la contraseña sea aceptada,PASSWORD
"Claudia Melara una letra mayúscula, numeros y un símbolo. Como mínimo 8 caracteres.",PASSWORD
Yo no e podido registrarme por qué la contraseña me dice error no sé cómo lo puedo hacer o tengo que ir a una AFP crecer para solicitar el anticipo de saldo,PASSWORD
Descarga la App de afp crecer allí te pedirá que ingreses tu correo electrónico y contraseña y por medio puedes solicitar el anticipo sigue los pasos ojala le sirva esta información,PASSWORD
"Hola Buenas Noches  Mi Padre Tiene Una Cuenta Registrada En El Sitio On Line De Afp Crecer Pero Al Momento Que El Ingresa Su Correo Afp Y Contraseña Cuando El Quiere Consultar Sobre Anticipo De Saldo Le Dice  Usuario  O  contraseña   Inválidos  Cuando  En  Realidad   Ya   Esta   Registrado   Espero   Una  Respuesta  Pronta  A  Este  Problema  De  Antemano Gracias
[PHOTO] https://scontent.furt1-1.fna.fbcdn.net/v/t1.6435-0/s600x600/185671489_2874888209440272_3520872462382144278_n.jpg?_nc_cat=105&ccb=1-3&_nc_sid=dbeb18&_nc_ohc=ySbB2sx6utkAX9PB8Ig&_nc_ht=scontent.furt1-1.fna&tp=7&oh=44544d618a9b5d06d859491cf19aa841&oe=60E8184E",PASSWORD
Me pasó lo mismo ayer Yo estog ayudando a papá con todo estos procesos y a la hora de querer meterme en mi cuenta salía que estaba bloqueada y que para recuperarla tenía que cambiar de contraseña y nada hasta la 4ta vez pude meterme.,PASSWORD
Buenas tardes me pueden ayudar. Yo perdi correo electronico y contraseña.,PASSWORD
No he podido bajar la afp de ninguna manera es imposible desde el principio pues no me aceptan el correo y la contraseña y al final me sale que yo noexisto,PASSWORD
Buenos díasSi me pueden ayudar yo necesito q me actualicen el numero de celular porq quiero recuperar mi contraseña y no me están callando los códigos q me mandan al cel,PASSWORD
"Hola buenos días,  comentarle que al querer ingresar a mi usuario este se encuentra bloqueado , no se porque , por lo que necesito una cita presencial en sucursal plaza mundo",PASSWORD
No me acepta mi correo y la contraseña para hacer un trámite ,PASSWORD
Lo que no entiendo porque hay que dar la contraseña del correo ????Como.puedo hacer para solicitar la cita quiero tramitar el anticipo,PASSWORD
Ojalá no lo vete y los lo aprueben el presidente,POLITICOS
Rosy Alfaro. No la va a aprobar dice el gran Bukele ,POLITICOS
Conociendo al Excelentísimo Señor Presidente de la República.  Seguro lo veta??,POLITICOS
Todo el pueblo nesesita ese anticipo por qué los a dejado mal la pandemia y esperamos que el presidente lo firme y no lo valla a betar,POLITICOS
Esperamos que nuestro presidente autorice la devolucion ,POLITICOS
Primero Dios q el señor presidente Nayib bukele apruebe esto por q quien sabe si vamos a yegar a diciembre ..??,POLITICOS
"Argueta Turroncito Gómez Señor, su ""presidente"" dijo que vetara esa ley XD (que no aprobara esa ley) así que, vaya a silvar a la loma XD ",POLITICOS
Si es cierto pero está pendiente del ejecutivo que autorice y ustedes están en el deber de dar el 25% de nuestros ahorros esperamos que primero Dios que  autorize el  señor presidente nayib así poder optener nuestro dinero que con mucho esfuerzo nos a costado,POLITICOS
"Alexander Flores ayer mismo los diputados de gana estaban diciendo que le van a dejar a la nueva asamblea legislativa el estudio mediante una nueva comisión ad hoc. En pocas palabras el presidente no está de acuerdo con el 25 %. Es probable que quite esa prestación, ojalá que no, necesitamos esos billetitos. ????",POLITICOS
Javier Vasquez muchas gracias por la información. Pero por el momento no se ha escuchado si el presidente la va a vetar? ,POLITICOS
"Alexander Flores la asamblea legislativa actual cambio una tabla de edades para auto prestarse el 25% del ahorro de pensiones personal, la reforma de ley dice que ya no es requisito que tengas 50 años de vida sino 40 años. Esta aprobada en la asamblea, pero toda ley debe ser ratificada por el ejecutivo o sea por el presidente de la república. Por el momento la AFP crecer no está autorizada para adelantarse a la reforma hasta que salga publicada en el diario oficial del estado. ",POLITICOS
Esta dande tengo entendido que ya el presidene bukele aproba la iniciativa para poder retirar el 25% de los ahorros sin tener que devolverlos para poderse pensionar con 40 años maximo para los hombres,POLITICOS
Hola yo quiero saber. Algo q sAcaron. En las. Noticias. Pero q no esta aprobado. Toda via si no en mayo si lo aprueba el presidente.  De un retiro de 25 % por. Ciento de tu pensión yo ocupe el anticipo. A. Sueldo puedo aplicar. Otra vez me corrigen. Si me equivoco,POLITICOS
Kiero saber silo aprovo el presidente ,POLITICOS
"Se puede enviar los documentos que le faltan a mi mamá por ser beneficiaria del dinero de mi hermano .no tenemos para estar pagando taxi desde Santa Ana a San Salvador ,mi ma es una persona con discapacidad y no tengo el dinero para enviarla .ya dos veces q va y siempre me le dejan cita que porq le falta un documento porque de una vez no le.dicen lo que tiene que llevar  .ahora que l partida de defunción de mi papá.la.vez pasada fue .de una vez le hubieran pedido todo eso .hágame el favor de ayudarme con esa gestión .porfavor,no tengo el dinero para estar pagando tanto dinero ,ya q le digo que mi mamá es persona con discapacidad.de antemano gracias Nayib Bukele ,Nayib Bukele Presidente ",POLITICOS
Cuando se iba a dar lo del aumento a las pensiones? el presidente dijo que apartir de enero de este año el que no tuviera el minimo pero a mi papá le depositaron lo mismo,POLITICOS
Sra.de AFP..El sr. Presidente dijo que el aumento lo tenían que dar todas las AFP del país.y porque uds.dicen que no saben nada.,POLITICOS
"AFP Crecer si ya me resolvieron, muchas gracias. ",POSITIVO
AFP Crecer muchas gracias,POSITIVO
Buen dia,POSITIVO
AFP Crecer gracias muchas gracias bendiciones ??,POSITIVO
AFP Crecer gracias,POSITIVO
AFP Crecer gracias ,POSITIVO
AFP Crecer gracias,POSITIVO
AFP Crecer ok gracias,POSITIVO
Gracias por responder,POSITIVO
Gracias por mantenernos informados,POSITIVO
AFP Crecer muchas gracias.,POSITIVO
AFP Crecer gracias,POSITIVO
Muchas gracias,POSITIVO
Gracias ??.  ,POSITIVO
AFP Crecer mil gracias,POSITIVO
Gracias,POSITIVO
AFP Crecer graciass,POSITIVO
Yo envié la información por correo electrónico y rápido me resolvieron a mí me dieron buena atención todo es enviar la información que ellos piden lo que pasa es que aveces se manda mal información y uno quiere que por ley le aprueben aunque no esté correcto,POSITIVO
AFP Crecer gracias ,POSITIVO
GRACIAS LES AGRADESCO MUCHO ,POSITIVO
Gracias ,POSITIVO
AFP Crecer yo me comunico con ustedes muchas gracias ,POSITIVO
Graciasss,POSITIVO
Gracias por avisar la fecha de pago de pensión q Dios los bendiga a todos ,POSITIVO
Muchas gracias,POSITIVO
Muchas gracias,POSITIVO
Dios me los bendiga,POSITIVO
Ok muchas gracias,POSITIVO
Gracias por avisar,POSITIVO
Gracias x avisar q Dios los bendiga ,POSITIVO
Gracias por su apoyo qué Dios los bendiga,POSITIVO
AFP Crecer gracias,POSITIVO
AFP Crecer gracias ,POSITIVO
AFP Crecer gracias,POSITIVO
Gracias muy mable,POSITIVO
AFP Crecer gracias ,POSITIVO
AFP Crecer Gracias. ,POSITIVO
Liss Ochoa  Gracias ,POSITIVO
Gracias,POSITIVO
AFP Crecer ok gracias muy amable,POSITIVO
AFP Crecer gracias,POSITIVO
Excelente ,POSITIVO
Gracias,POSITIVO
Gracias por informarnos!!!!!,POSITIVO
Ok muchas gracias,POSITIVO
AFP Crecer muchas gracias,POSITIVO
Gracias por informarnos,POSITIVO
muchas gracias,POSITIVO
AFP Crecer muchas gracias ,POSITIVO
AFP Crecer gracias. ,POSITIVO
Gracias!,POSITIVO
Gracias,POSITIVO
AFP Crecer gracias bendiciones ,POSITIVO
AFP Crecer muchas gracias,POSITIVO
AFP Crecer ok gracias y disculpe otra consulta para saber la cantidad que me darán esta ves usted m lo podrían brindar esq en el banco que voy no m dicen y pues aveces no me dan lo que pido  que no son pero ni $ 95 dólares no siempre me dan lo mismo y resivo la de mi hija y la mia,POSITIVO
AFP Crecer ok gracias,POSITIVO
Gracias,POSITIVO
AFP Crecer gracias ,POSITIVO
AFP Crecer ok muchas gracias,POSITIVO
Gracia,POSITIVO
Gracias por su informacion !,POSITIVO
"Buenas tardes, el calendario de pago de pensiones será posible retirarlo de forma impresa en agencia??? gracias. ",POSITIVO
"Me quedo claro, gracias bendiciones. ",POSITIVO
AFP Crecer  gracias por responder,POSITIVO
Gracias,POSITIVO
Gracias muy amable,POSITIVO
Gracias,POSITIVO
Gracias,POSITIVO
Muchas Gracias..??,POSITIVO
Gracias,POSITIVO
Gracias por la informacion... YO NECESITO EL CALENDARIO DE ABONO DE PENSION.. GRACIAS..,POSITIVO
AFP Crecer gracias ..,POSITIVO
Muchas gracias ya les respondí ,POSITIVO
AFP Crecer mil gracias yo sé que ustedes nunca fallan,POSITIVO
AFP Crecer fuera bueno por Messenger para poder sacarlo gracias,POSITIVO
AFP Crecer gracias ,POSITIVO
