"word","freq"
"inbox",629
"buen",568
"salud",521
"hol",420
"qued",376
"gust",312
"servici",271
"dias",259
"via",227
"pued",224
"dat",206
"ayudart",197
"medi",195
"clar",191
"pag",166
"envian",154
"internet",141
"inform",140
"noch",140
"atent",127
"brind",127
"escrib",125
"orden",124
"comentari",120
"cabl",120
"agenci",117
"consult",107
"envi",105
"invit",98
"saludart",96
"ayud",94
"señal",85
"mensaj",84
"escriben",81
"cobr",77
"factur",77
"interes",75
"verific",73
"numer",73
"dia",72
"sab",71
"personaliz",69
"objet",69
"mes",66
"abiert",65
"necesit",63
"respuest",61
"contrat",61
"darl",54
"mal",54
"mor",54
"podr",53
"comentart",53
"canal",51
"paquet",49
"deb",48
"llam",48
"recib",45
"nombr",44
"pas",44
"report",44
"quer",42
"solicit",42
"esper",41
"coment",41
"pod",41
"brindart",40
"inconvenient",39
"line",39
"feliz",37
"eliz",36
"detall",36
"atencion",36
"whatsapp",35
"com",35
"dand",34
"instal",32
"señor",32
"cas",32
"des",32
"mand",32
"gestor",31
"imbox",31
"asistent",31
"encuentr",31
"dic",30
"traves",30
"realiz",30
"siempr",30
"tig",30
"trabaj",29
"solucion",29
"client",29
"dud",28
"horari",28
"priv",27
"cualqui",27
"cost",27
"digital",27
"present",26
"disposicion",26
"dui",26
"cerr",26
"compr",25
"dispon",25
"mayor",25
"ayer",24
"llev",24
"soyapang",24
"hac",24
"residencial",24
"problem",24
"basic",24
"telefon",24
"pon",23
"ampli",23
"moment",23
"aqu",23
"satelital",23
"revis",22
"marc",22
"unic",22
"tiend",22
"preci",21
"inter",21
"respond",21
"cancel",21
"contact",21
"https",21
"hoy",20
"sal",20
"contest",20
"dej",20
"dan",19
"mism",19
"repar",19
"plan",19
"dar",18
"tiemp",18
"conect",18
"sirv",18
"garci",17
"emergent",17
"mejor",17
"sucursal",17
"requisit",17
"wilb",17
"zon",16
"quier",16
"call",16
"maner",16
"pesim",16
"riv",16
"cuant",16
"tard",16
"nuev",16
"posibl",16
"perez",16
"ana",16
"conexion",16
"asi",15
"necesari",15
"personal",15
"asesor",15
"conoc",15
"agu",15
"luz",15
"renov",15
"inclu",15
"disculp",14
"bien",14
"arregl",14
"tecnic",14
"ningun",14
"descuent",14
"red",14
"dese",14
"hog",14
"vigent",14
"celul",13
"junt",13
"emple",13
"resuelv",13
"ped",13
"jos",13
"dij",13
"celular",13
"ingres",13
"jorg",13
"comunicat",13
"full",13
"impuest",13
"metrocentr",13
"venc",12
"aun",12
"nunc",12
"comprob",12
"afect",12
"hor",12
"porq",12
"cual",12
"activ",12
"visit",12
"centr",12
"tarjet",11
"verd",11
"empres",11
"comparten",11
"igual",11
"carl",11
"ven",11
"funcion",11
"viern",11
"gonzalez",11
"jonath",11
"atiend",11
"atend",11
"siguient",11
"suced",11
"hag",11
"algun",11
"pagin",11
"dijeron",10
"alvareng",10
"cort",10
"fij",10
"dolar",10
"permiten",10
"embarg",10
"mentir",10
"fall",10
"sig",10
"person",10
"enviem",10
"opcion",10
"referent",10
"hic",10
"pregunt",10
"promocion",10
"plaz",10
"urge",9
"tom",9
"voy",9
"lleg",9
"alex",9
"seman",9
"indic",9
"termin",9
"despues",9
"caj",9
"escrit",9
"peor",9
"vien",9
"segur",9
"pos",9
"vin",9
"leon",9
"derech",9
"tiendaenline",9
"ines",9
"alejandr",9
"doming",8
"viv",8
"casi",8
"resolv",8
"dig",8
"lun",8
"cuest",8
"corre",8
"cierr",8
"situacion",8
"compañ",8
"mipagoclar",8
"habl",8
"movil",8
"apart",8
"malisim",8
"cre",8
"compart",8
"pong",8
"barrer",8
"hernandez",8
"uso",8
"ahi",7
"mañan",7
"toc",7
"coloni",7
"adquier",7
"bloqu",7
"lopez",7
"cov",7
"cent",7
"avis",7
"ami",7
"cambi",7
"solicitud",7
"ejecut",7
"fech",7
"enlac",7
"ortiz",7
"lilian",7
"may",7
"mencion",7
"luis",7
"quit",7
"naveg",7
"oper",7
"apoy",7
"años",7
"firm",7
"bit",7
"unicentr",7
"mendez",7
"hbo",7
"solvent",6
"dich",6
"llen",6
"seri",6
"mediant",6
"meg",6
"vay",6
"pront",6
"nesecit",6
"post",6
"encontr",6
"servirt",6
"adicional",6
"municipi",6
"recarg",6
"regal",6
"ley",6
"nadi",6
"miguel",6
"entiend",6
"cuent",6
"pasaj",6
"cordial",6
"consumidor",6
"cruz",6
"uds",6
"lug",6
"cuatr",6
"georg",6
"mantent",6
"dam",6
"alcatel",6
"sar",6
"pid",6
"adquir",6
"etap",6
"compañi",6
"erick",5
"ala",5
"sub",5
"gent",5
"lin",5
"pud",5
"wifi",5
"respet",5
"social",5
"atras",5
"ase",5
"dicom",5
"ingresocost",5
"prepag",5
"cont",5
"quint",5
"sol",5
"actual",5
"demasi",5
"juni",5
"porf",5
"menjiv",5
"punt",5
"entrar",5
"gener",5
"suspend",5
"ves",5
"contactart",5
"adrian",5
"departament",5
"efect",5
"cuot",5
"result",5
"ramirez",5
"men",5
"rebec",5
"pendient",5
"debit",5
"lluvi",5
"www",5
"bendicion",5
"enviar",5
"demand",5
"acerc",5
"podert",5
"injust",5
"atendert",5
"herrer",5
"siget",5
"are",5
"ilimit",5
"huawei",5
"mart",5
"ocurr",5
"chip",5
"repit",5
"recuerd",5
"edwin",5
"dieg",5
"flor",5
"desconect",5
"dav",5
"dqahq",5
"antoni",5
"sonsonat",5
"bryan",5
"prim",4
"fattim",4
"mult",4
"car",4
"martinez",4
"nestor",4
"informacion",4
"compañer",4
"dios",4
"correspond",4
"public",4
"sup",4
"elen",4
"liber",4
"excelent",4
"clas",4
"tar",4
"pinch",4
"arruin",4
"ernest",4
"asta",4
"perdon",4
"arbol",4
"apertur",4
"menor",4
"gratis",4
"juli",4
"miclar",4
"paz",4
"vall",4
"elizabeth",4
"ceflom",4
"falt",4
"stephani",4
"retras",4
"pet",4
"web",4
"apop",4
"credit",4
"rat",4
"brendit",4
"vent",4
"alas",4
"niñ",4
"rap",4
"estudi",4
"plac",4
"escal",4
"preocup",4
"final",4
"puntual",4
"vec",4
"aprovech",4
"carg",4
"dejan",4
"aser",4
"cel",4
"alvar",4
"habi",4
"instanci",4
"irnos",4
"dond",4
"claudit",4
"principal",4
"constitucional",4
"formal",4
"futur",4
"gan",4
"libr",4
"quej",4
"tramit",4
"cuarenten",4
"deficient",4
"pens",4
"reclam",4
"formulari",4
"manuel",4
"acost",4
"pam",4
"merliot",4
"solicitart",4
"proces",4
"vide",4
"olimp",4
"segun",4
"metr",4
"portal",4
"dañ",4
"enriqu",4
"link",4
"amay",4
"pdf",4
"geovanny",4
"walt",4
"zavalet",4
"lety",4
"mrtnz",4
"river",4
"romer",3
"lucer",3
"rey",3
"trasl",3
"repart",3
"karlit",3
"econom",3
"caid",3
"puert",3
"manten",3
"primer",3
"mejican",3
"labor",3
"compromis",3
"porfavor",3
"cobertur",3
"consider",3
"madrug",3
"volv",3
"melani",3
"torment",3
"entreg",3
"diaz",3
"ilopang",3
"resiv",3
"sel",3
"abriend",3
"tepezont",3
"sald",3
"comunic",3
"grand",3
"nivel",3
"continu",3
"william",3
"quic",3
"prefier",3
"electron",3
"estar",3
"etc",3
"nefast",3
"claudi",3
"entonc",3
"guev",3
"roj",3
"pandemi",3
"sistem",3
"kier",3
"abog",3
"defensor",3
"normal",3
"chris",3
"intent",3
"pes",3
"alexand",3
"edgar",3
"complet",3
"domicili",3
"pais",3
"viend",3
"propi",3
"benefici",3
"gast",3
"nejap",3
"oblig",3
"suficient",3
"boy",3
"import",3
"transport",3
"defensori",3
"apag",3
"jesus",3
"cor",3
"lind",3
"quiz",3
"ram",3
"vez",3
"siti",3
"sary",3
"aparec",3
"pose",3
"put",3
"diferent",3
"segu",3
"viej",3
"reciv",3
"abriran",3
"francisc",3
"chalchuap",3
"especif",3
"superpack",3
"pantall",3
"alexandr",3
"parec",3
"vari",3
"garc",3
"asen",3
"sav",3
"inest",3
"pined",3
"unas",3
"mayr",3
"guerrer",3
"arely",3
"lini",3
"anti",3
"jef",3
"notific",3
"asign",3
"rig",3
"pachec",3
"bastant",3
"pasajer",3
"leonardit",3
"cajit",3
"apes",3
"abi",3
"danyy",3
"peñ",3
"amabl",3
"hab",3
"lidi",3
"mund",3
"milton",3
"sos",3
"ofrec",3
"marci",3
"automat",3
"javi",3
"model",3
"informart",3
"beatriz",3
"bairon",3
"escribam",3
"jesyaleth",3
"cortez",3
"denunci",3
"respect",3
"alta",3
"vist",3
"indicart",3
"altur",3
"ayutuxtepequ",3
"caers",3
"cantid",3
"corint",3
"gasoliner",3
"marion",3
"ocasion",3
"rit",3
"viviend",3
"kathy",3
"ciert",3
"bla",3
"armand",3
"alexis",2
"baj",2
"ahorit",2
"escribi",2
"conscient",2
"reestablec",2
"queri",2
"agradeceri",2
"bendig",2
"cecili",2
"esfuerz",2
"ignor",2
"salg",2
"valor",2
"iveth",2
"med",2
"not",2
"puebl",2
"salvadoreñ",2
"santiag",2
"simplement",2
"todav",2
"cuid",2
"fot",2
"tal",2
"usuari",2
"veo",2
"facil",2
"milagr",2
"don",2
"retr",2
"beng",2
"tir",2
"equip",2
"juev",2
"mel",2
"proxim",2
"lastim",2
"aclar",2
"basur",2
"letici",2
"marisol",2
"roxan",2
"lag",2
"trat",2
"acas",2
"actualiz",2
"col",2
"roxy",2
"chaggy",2
"croch",2
"jod",2
"joseph",2
"aregl",2
"palabr",2
"total",2
"lor",2
"peg",2
"tip",2
"cualqu",2
"daniel",2
"vasquez",2
"henriquez",2
"acuerd",2
"tony",2
"ayudenn",2
"sres",2
"telefoni",2
"desgraci",2
"ericks",2
"noooooooooooo",2
"rob",2
"sandr",2
"aburr",2
"banc",2
"haran",2
"carm",2
"varg",2
"algui",2
"raul",2
"supon",2
"autoriz",2
"rin",2
"usar",2
"peraz",2
"empiez",2
"ser",2
"isai",2
"palaci",2
"vacil",2
"maydeli",2
"aplic",2
"negoci",2
"has",2
"rural",2
"abril",2
"deten",2
"emos",2
"tend",2
"verl",2
"culp",2
"deberi",2
"permit",2
"estaf",2
"pagar",2
"any",2
"albert",2
"maggi",2
"madr",2
"compartirt",2
"angel",2
"retir",2
"dieron",2
"comun",2
"mantenert",2
"har",2
"gonzal",2
"abrir",2
"permanec",2
"serv",2
"usted",2
"restablec",2
"reactiv",2
"aleatori",2
"lanzamient",2
"hey",2
"perd",2
"facebook",2
"expliqu",2
"acab",2
"irregular",2
"noemy",2
"iban",2
"mir",2
"xfavor",2
"chelitt",2
"benitez",2
"yanelin",2
"marjori",2
"mong",2
"liss",2
"anticip",2
"asesori",2
"conform",2
"critic",2
"ende",2
"expresion",2
"fiscali",2
"garantiz",2
"interpondr",2
"interpus",2
"ment",2
"naranj",2
"neces",2
"proteg",2
"regul",2
"terminal",2
"toler",2
"vpn",2
"mirn",2
"atiocoy",2
"libert",2
"pabl",2
"tacach",2
"veng",2
"ola",2
"presi",2
"alfar",2
"puest",2
"recl",2
"val",2
"aguil",2
"ayudari",2
"television",2
"agradec",2
"ten",2
"prueb",2
"aca",2
"const",2
"cuarentebs",2
"linar",2
"pospag",2
"existent",2
"varied",2
"dentr",2
"talvez",2
"rossy",2
"product",2
"ampliart",2
"carranz",2
"irahet",2
"key",2
"mari",2
"rodriguez",2
"salguer",2
"preferent",2
"ofert",2
"luj",2
"quez",2
"desactiv",2
"minut",2
"disqu",2
"factibl",2
"inmediat",2
"mandem",2
"proporcion",2
"entra",2
"estel",2
"lueg",2
"lla",2
"llo",2
"aquell",2
"cons",2
"decret",2
"marroquin",2
"sof",2
"exist",2
"ultim",2
"jessic",2
"lourd",2
"lugar",2
"pmagenci",2
"kenneth",2
"paol",2
"extravi",2
"rudy",2
"cumpl",2
"manteng",2
"barahon",2
"suspension",2
"tra",2
"agent",2
"sur",2
"dificult",2
"nun",2
"comod",2
"esmerald",2
"jenni",2
"tizn",2
"oficial",2
"cos",2
"siqu",2
"marin",2
"ajenci",2
"andrad",2
"asoci",2
"aver",2
"quien",2
"segovi",2
"villafuert",2
"quis",2
"samsung",2
"piens",2
"confirm",2
"bns",2
"exij",2
"verit",2
"horarioduijuni",2
"legal",2
"regulatori",2
"laur",2
"agreg",2
"ces",2
"licenci",2
"lehersm",2
"suzzann",2
"apreci",2
"encarg",2
"ronald",2
"dem",2
"reportanosl",2
"vilm",2
"gaby",2
"charli",2
"talveeezzz",2
"cayend",2
"lent",2
"vecin",2
"brend",2
"met",2
"zarc",2
"karii",2
"morekarm",2
"verdader",2
"ardon",2
"din",2
"alexandrit",2
"etelvin",2
"amig",2
"look",2
"nail",2
"publicitari",2
"martinezz",2
"ramozz",2
"establ",1
"moy",1
"ojo",1
"list",1
"uler",1
"inhuman",1
"par",1
"katti",1
"sad",1
"direcccion",1
"rrespond",1
"ooh",1
"sta",1
"ali",1
"cabrer",1
"expong",1
"grasi",1
"fuent",1
"absolut",1
"asalari",1
"auster",1
"boc",1
"candil",1
"dier",1
"her",1
"implement",1
"incent",1
"inminent",1
"marketing",1
"oscur",1
"tristez",1
"municip",1
"texacuang",1
"fern",1
"obligacion",1
"polit",1
"andan",1
"asiend",1
"favor",1
"triunf",1
"usulut",1
"maldit",1
"ilian",1
"mayori",1
"arrib",1
"jusg",1
"orient",1
"felicit",1
"ener",1
"palmer",1
"insum",1
"mascarill",1
"conbr",1
"ramon",1
"cachimbon",1
"raiz",1
"verapaz",1
"vicent",1
"zacatecoluc",1
"gerson",1
"pacienci",1
"almen",1
"cant",1
"pajarit",1
"urbaniz",1
"veras",1
"plen",1
"sigl",1
"xxi",1
"alumn",1
"caer",1
"docent",1
"inici",1
"revicion",1
"cobrari",1
"concretoqueri",1
"recepcion",1
"deud",1
"eleg",1
"error",1
"estupend",1
"ise",1
"paus",1
"revent",1
"darnor",1
"deveri",1
"dificil",1
"endej",1
"maños",1
"mec",1
"perr",1
"express",1
"farmaci",1
"select",1
"modems",1
"usb",1
"vallan",1
"respons",1
"juan",1
"miri",1
"orant",1
"control",1
"remot",1
"joy",1
"usarl",1
"colm",1
"poc",1
"montreal",1
"precav",1
"ratit",1
"armad",1
"autor",1
"desarm",1
"doc",1
"gerent",1
"identific",1
"particul",1
"polic",1
"registr",1
"tecl",1
"uniform",1
"vigul",1
"salueron",1
"utilic",1
"eliizzabetth",1
"paraliz",1
"comprend",1
"piensenl",1
"rebusqu",1
"lau",1
"mndz",1
"ban",1
"deqedi",1
"estafall",1
"talcomunc",1
"mery",1
"tob",1
"acerqu",1
"msj",1
"pongans",1
"http",1
"tapalhuac",1
"pudier",1
"alert",1
"comprens",1
"sorpres",1
"acumul",1
"amenaz",1
"lament",1
"lineal",1
"reflej",1
"sacrifici",1
"becin",1
"recom",1
"tim",1
"lupit",1
"emit",1
"form",1
"dart",1
"xiom",1
"buenis",1
"chich",1
"enserr",1
"odett",1
"zaldañ",1
"gestion",1
"sat",1
"what",1
"holà",1
"modem",1
"poniesndos",1
"pamdemi",1
"abimael",1
"perfect",1
"lozan",1
"alumbr",1
"electr",1
"esq",1
"arenit",1
"cen",1
"chistocit",1
"payas",1
"pex",1
"edmund",1
"tranquil",1
"maj",1
"ypeor",1
"pongal",1
"dedic",1
"informal",1
"sector",1
"agan",1
"aparat",1
"atravez",1
"ayal",1
"diez",1
"educ",1
"enlo",1
"famili",1
"guiabays",1
"hasi",1
"joss",1
"mev",1
"nesec",1
"nohay",1
"realid",1
"rout",1
"yon",1
"acansel",1
"pord",1
"carrer",1
"caus",1
"hij",1
"pequeñ",1
"recoj",1
"sufr",1
"tant",1
"yno",1
"cobranron",1
"cerc",1
"quezaltepequ",1
"vehicul",1
"consient",1
"dinor",1
"nunk",1
"cmo",1
"dobl",1
"yeg",1
"aotr",1
"ble",1
"debaj",1
"asesorart",1
"preguntal",1
"quem",1
"rrap",1
"rray",1
"mean",1
"vayadar",1
"andej",1
"mepud",1
"resin",1
"valladar",1
"irichi",1
"valengu",1
"realic",1
"arriesg",1
"climat",1
"jajaj",1
"amor",1
"figuero",1
"mary",1
"ingrid",1
"caballit",1
"cim",1
"decepcion",1
"escuch",1
"everest",1
"guerr",1
"ineficient",1
"mont",1
"consienci",1
"alici",1
"hom",1
"habilit",1
"plataform",1
"caen",1
"yancy",1
"halgui",1
"lob",1
"negr",1
"salvadorp",1
"cristhi",1
"tall",1
"estem",1
"nos",1
"kelly",1
"saenz",1
"tendr",1
"viruz",1
"eldahy",1
"sot",1
"abren",1
"comprension",1
"sanchez",1
"var",1
"comentan",1
"preocupens",1
"senal",1
"bancari",1
"acordemon",1
"nub",1
"satelit",1
"descar",1
"nten",1
"andar",1
"esta",1
"compens",1
"opin",1
"supong",1
"ver",1
"canceley",1
"inmedit",1
"expir",1
"tel",1
"abier",1
"conpr",1
"teni",1
"loc",1
"supuest",1
"alamasmierd",1
"surt",1
"disponibil",1
"estrell",1
"thelm",1
"valient",1
"serot",1
"xblem",1
"yam",1
"carit",1
"gonsalez",1
"esten",1
"spress",1
"alfons",1
"regenci",1
"parcial",1
"porgust",1
"vendri",1
"siv",1
"distribuidor",1
"acces",1
"evit",1
"alessandr",1
"valid",1
"imagin",1
"asamble",1
"lijer",1
"optam",1
"univers",1
"prest",1
"tardi",1
"jazmin",1
"onlin",1
"anul",1
"estipul",1
"rosari",1
"aller",1
"tampoc",1
"lizett",1
"yes",1
"crisis",1
"cuñ",1
"lecobr",1
"mepas",1
"renbols",1
"sier",1
"enciend",1
"imag",1
"rar",1
"urgenci",1
"soll",1
"fallamd",1
"giovanni",1
"pajin",1
"pwro",1
"stanley",1
"esperad",1
"acept",1
"aoag",1
"concient",1
"inrespons",1
"seen",1
"iran",1
"enmanuel",1
"florentin",1
"maricelith",1
"muñoz",1
"clav",1
"estandis",1
"guard",1
"mod",1
"llov",1
"miralvall",1
"resuelt",1
"bonill",1
"den",1
"rab",1
"sulucion",1
"montoy",1
"canton",1
"vean",1
"dizk",1
"supervis",1
"tengong",1
"soy",1
"circunst",1
"decabl",1
"decuant",1
"elun",1
"eslacuot",1
"ogar",1
"tripl",1
"humbert",1
"candelari",1
"repuest",1
"mar",1
"arguet",1
"gerard",1
"caballer",1
"problemit",1
"alegr",1
"correct",1
"satisfech",1
"pist",1
"burn",1
"tablet",1
"convers",1
"giss",1
"hernhandhezz",1
"lhoophezz",1
"berd",1
"notici",1
"orellan",1
"pixi",1
"cojutepequ",1
"argon",1
"nececit",1
"jjjajaj",1
"net",1
"niii",1
"pobr",1
"sirb",1
"consum",1
"detect",1
"jaj",1
"lte",1
"observ",1
"ariel",1
"benavidesfatim",1
"cardonaan",1
"depend",1
"diazhectorrodriguezanthony",1
"escobaremerson",1
"frailearlincith",1
"fun",1
"garaysusan",1
"guzmanosc",1
"marvin",1
"rodezn",1
"rosalesivani",1
"malis",1
"homeoffic",1
"metropolitan",1
"resulevanl",1
"podran",1
"escrkbi",1
"ayudenl",1
"hector",1
"sirmpr",1
"mediod",1
"altav",1
"complac",1
"molest",1
"rrevis",1
"castill",1
"exclus",1
"gio",1
"quedateencas",1
"karl",1
"fals",1
"promet",1
"favorqu",1
"hiz",1
"much",1
"alos",1
"entraron",1
"esforz",1
"rcarg",1
"hazel",1
"ocho",1
"oyend",1
"publuc",1
"direccion",1
"ejec",1
"incomunic",1
"aseror",1
"vandal",1
"alma",1
"loren",1
"mendoz",1
"aaaaa",1
"cubi",1
"cubiasp",1
"reinald",1
"imprim",1
"descarg",1
"comuniqu",1
"mig",1
"pus",1
"rapidaaa",1
"administr",1
"aragan",1
"automatiz",1
"fijens",1
"marquez",1
"vlhadhim",1
"desconept",1
"buenaventur",1
"desconectartel",1
"prepar",1
"quejart",1
"muestr",1
"verif",1
"abrieron",1
"menendez",1
"reabr",1
"logr",1
"metrosonsonat",1
"explic",1
"ridicul",1
"diganm",1
"frustr",1
"oig",1
"casill",1
"pmmetropolis",1
"telegraf",1
"inalambr",1
"bandej",1
"glend",1
"entregari",1
"habil",1
"virtual",1
"comercial",1
"maurici",1
"anten",1
"money",1
"ayid",1
"sugerent",1
"ablar",1
"traslad",1
"fabiol",1
"seleccion",1
"anteman",1
"cabli",1
"vendr",1
"luci",1
"talonari",1
"girasol",1
"ocup",1
"inf",1
"cuadrill",1
"invent",1
"excus",1
"lizz",1
"actiravor",1
"graciiiii",1
"hernandz",1
"stephanii",1
"ciud",1
"grabacion",1
"teres",1
"manzur",1
"qeri",1
"orteg",1
"zarit",1
"dis",1
"siet",1
"alba",1
"anunci",1
"empat",1
"fatal",1
"fuert",1
"ingrat",1
"vid",1
"cerez",1
"cherry",1
"sient",1
"cabañ",1
"ilobasc",1
"chavez",1
"correspondient",1
"ajensi",1
"anda",1
"chin",1
"estrañ",1
"guadalup",1
"sant",1
"quizas",1
"ahuachap",1
"contradictori",1
"periplaz",1
"reapond",1
"galaxy",1
"kell",1
"niet",1
"progres",1
"problema",1
"cambiar",1
"navegacion",1
"vali",1
"descont",1
"pedi",1
"perdi",1
"breved",1
"señorit",1
"agarr",1
"rend",1
"multiplaz",1
"puntualm",1
"whatsaap",1
"motiv",1
"posts",1
"acud",1
"inaptitud",1
"real",1
"general",1
"milady",1
"ofrecert",1
"titular",1
"visualiz",1
"cutt",1
"xycnzb",1
"yanet",1
"carrit",1
"contrari",1
"cumplimient",1
"ago",1
"daron",1
"man",1
"resib",1
"oficin",1
"distint",1
"podras",1
"sienpr",1
"gudiel",1
"uchih",1
"graciaaa",1
"eunic",1
"abran",1
"acercart",1
"manci",1
"dzp",1
"shofy",1
"dari",1
"ruben",1
"hbdgjw",1
"raquel",1
"presion",1
"ciertomuy",1
"fgr",1
"omar",1
"masahuat",1
"pedr",1
"gutierrez",1
"expre",1
"mailisim",1
"swñor",1
"trai",1
"izalc",1
"tardesnecesit",1
"betty",1
"camp",1
"devuelv",1
"nathaly",1
"centroamer",1
"lluev",1
"nacional",1
"repon",1
"min",1
"jacob",1
"asco",1
"alto",1
"demas",1
"enverd",1
"fidel",1
"renuev",1
"tortug",1
"lluvios",1
"dispuest",1
"transfir",1
"rosy",1
"erda",1
"hart",1
"oskr",1
"disposit",1
"exager",1
"lentitud",1
"elise",1
"pagosb",1
"nuñez",1
"asid",1
"mald",1
"tablets",1
"ahhh",1
"gomez",1
"aliger",1
"enoj",1
"pagr",1
"mient",1
"areval",1
"ester",1
"wend",1
"nesesit",1
"dil",1
"aaah",1
"aahh",1
"asom",1
"comenz",1
"gui",1
"jamas",1
"garay",1
"ricard",1
"sms",1
"asus",1
"bal",1
"ben",1
"quir",1
"salvaqdor",1
"sangronesel",1
"barat",1
"clabl",1
"dayan",1
"raymund",1
"constanci",1
"document",1
"haci",1
"intalacion",1
"isi",1
"paqet",1
"porl",1
"qis",1
"ncc",1
"yvtu",1
"aument",1
"enmicas",1
"intal",1
"iso",1
"satur",1
"wassap",1
"alvarez",1
"milen",1
"cop",1
"italian",1
"program",1
"arto",1
"bruj",1
"lomism",1
"mjorcopr",1
"pelicul",1
"arrepent",1
"razon",1
"sii",1
"est",1
"comalap",1
"alva",1
"olvid",1
"quinter",1
"acat",1
"marz",1
"digeron",1
"martiz",1
"anq",1
"avec",1
"cituacion",1
"complic",1
"iris",1
